method,unhedged_mean,hedged_gross_mean,hedged_net_mean,unhedged_vol_annualized,hedged_gross_vol_annualized,hedged_net_vol_annualized,variance_reduction,hedge_effectiveness,tracking_error,unhedged_var_loss,hedged_net_var_loss,unhedged_cvar_loss,hedged_net_cvar_loss,hedged_net_sharpe_annualized_no_rf,unhedged_max_drawdown,hedged_net_max_drawdown,total_turnover,average_turnover,total_transaction_cost,average_transaction_cost
multi_proxy_kalman,-0.00015306073315455958,2.1362485473299774e-05,-2.986031727221373e-05,0.1778599357140327,0.12255569265034748,0.12256463101652032,0.5251307343708942,0.5251307343708942,0.008009963397667172,0.018283669081712597,0.012934685831628365,0.023263603458134923,0.015704877348577447,-0.06139454661747893,-0.246529041160494,-0.16013062984684556,1.601871596622695,0.006114013727567538,0.013420374319324538,5.1222802745513506e-05
multi_proxy_ridge,-0.00015306073315455958,2.0379441312810456e-05,1.9582623775620603e-05,0.1778599357140327,0.12224896847628143,0.12226099091916387,0.5274806903475692,0.5274806903475692,0.007832795860317274,0.018283669081712597,0.01261398165783462,0.023263603458134923,0.015590539282635723,0.040363006665954326,-0.246529041160494,-0.16010445620142966,0.7938309737186668,0.0030298892126666673,0.00020876619474373336,7.96817537189822e-07
single_rolling_ols,-0.00015306073315455958,0.0001906538256129603,0.0001786690245291232,0.1778599357140327,0.1391494025813295,0.13916213065443014,0.3878104995108569,0.3878104995108569,0.007279273920522181,0.018283669081712597,0.015240835151655968,0.023263603458134923,0.019089253556768212,0.3235405635829543,-0.246529041160494,-0.1661588377722577,2.4500894198264476,0.009351486335215448,0.0031400178839652896,1.1984801083836984e-05
single_static_ols,-0.00015306073315455958,0.00016942047961697522,0.0001687408014033151,0.1778599357140327,0.13876187023212633,0.13876681356189366,0.3912836460558855,0.3912836460558855,0.006967325339413179,0.018283669081712597,0.015653569401820354,0.023263603458134923,0.018656807580521437,0.30643264669811826,-0.246529041160494,-0.1742423809687107,0.6403784598947532,0.002444192595018142,0.00017807569197895063,6.796782136601169e-07
